57982945|lx-alloc-jackm-BISP-accept|2026-09-06T09:59:03|Unknown|nid[001064-001065,001068,001128]|billing=512,cpu=512,gres/gpu:a100=16,gres/gpu=16,mem=919208M,node=4|RUNNING
57982945.extern|extern|2026-09-06T09:59:03|Unknown|nid[001064-001065,001068,001128]|billing=512,cpu=512,gres/gpu:a100=16,gres/gpu=16,mem=919208M,node=4|RUNNING
57982945.0|lx-Xg4-101037-2073696-9195|2026-09-06T10:10:37|2026-09-06T10:11:29|nid001064|cpu=128,gres/gpu:a100=4,gres/gpu=4,mem=229802M,node=1|COMPLETED
57982945.1|lx-Xg4-101131-2077596-1789|2026-09-06T10:11:32|2026-09-06T10:12:33|nid001064|cpu=128,gres/gpu:a100=4,gres/gpu=4,mem=229802M,node=1|COMPLETED
57982945.2|lx-Xg4-101131-2077759-8728|2026-09-06T10:11:32|2026-09-06T10:12:20|nid001064|cpu=128,gres/gpu:a100=4,gres/gpu=4,mem=229802M,node=1|COMPLETED
57982945.3|lx-Xg0-101134-2078624-8796|2026-09-06T10:11:35|2026-09-06T10:11:54|nid001065|cpu=128,mem=229802M,node=1|FAILED
57982945.4|lx-Xg4-101221-2084046-4875|2026-09-06T10:12:24|2026-09-06T10:13:26|nid001065|cpu=128,gres/gpu:a100=4,gres/gpu=4,mem=229802M,node=1|COMPLETED
57982945.5|lx-Xg4-101235-2086108-7618|2026-09-06T10:12:38|2026-09-06T10:13:32|nid001064|cpu=128,gres/gpu:a100=4,gres/gpu=4,mem=229802M,node=1|COMPLETED
57982945.6|lx-Xg4-101326-2094418-2246|2026-09-06T10:13:27|2026-09-06T10:14:24|nid001065|cpu=128,gres/gpu:a100=4,gres/gpu=4,mem=229802M,node=1|COMPLETED
57982945.7|lx-Xg4-101332-2095059-5249|2026-09-06T10:13:33|2026-09-06T10:14:25|nid001064|cpu=128,gres/gpu:a100=4,gres/gpu=4,mem=229802M,node=1|COMPLETED
57982945.8|lx-Xg4-101426-2103624-1282|2026-09-06T10:14:26|2026-09-06T10:15:42|nid001064|cpu=128,gres/gpu:a100=4,gres/gpu=4,mem=229802M,node=1|COMPLETED
57982945.9|lx-Xg4-101426-2103448-1630|2026-09-06T10:14:26|2026-09-06T10:15:27|nid001064|cpu=128,gres/gpu:a100=4,gres/gpu=4,mem=229802M,node=1|COMPLETED
57982945.10|lx-Xg0-101429-2103715-4829|2026-09-06T10:14:31|2026-09-06T10:15:00|nid001065|cpu=128,mem=229802M,node=1|COMPLETED
57982945.11|lx-Xg4-101524-2110763-8690|2026-09-06T10:15:24|2026-09-06T10:16:21|nid001065|cpu=128,gres/gpu:a100=4,gres/gpu=4,mem=229802M,node=1|COMPLETED
57982945.12|lx-Xg4-101528-2111169-9440|2026-09-06T10:15:28|2026-09-06T10:16:57|nid001068|cpu=128,gres/gpu:a100=4,gres/gpu=4,mem=229802M,node=1|COMPLETED
57982945.13|lx-Xg4-101544-2114424-2643|2026-09-06T10:15:47|2026-09-06T10:17:38|nid001064|cpu=128,gres/gpu:a100=4,gres/gpu=4,mem=229802M,node=1|COMPLETED
57982945.14|lx-Xg4-101622-2120477-6503|2026-09-06T10:16:24|2026-09-06T10:17:19|nid001065|cpu=128,gres/gpu:a100=4,gres/gpu=4,mem=229802M,node=1|COMPLETED
57982945.15|lx-Xg4-101658-2124459-1717|2026-09-06T10:16:58|2026-09-06T10:18:14|nid001068|cpu=128,gres/gpu:a100=4,gres/gpu=4,mem=229802M,node=1|COMPLETED
57982945.16|lx-Xg0-102006-2144147-2116|2026-09-06T10:20:06|2026-09-06T10:20:11|nid001064|cpu=128,mem=229802M,node=1|COMPLETED
57982945.17|lx-Xg0-102043-2148168-7680|2026-09-06T10:20:43|2026-09-06T10:21:27|nid001064|cpu=128,mem=229802M,node=1|COMPLETED
57982945.18|lx-Xg0-102229-2157765-5427|2026-09-06T10:22:29|2026-09-06T10:22:58|nid001064|cpu=128,mem=229802M,node=1|FAILED
57982945.19|lx-Xg4-102243-2158875-9969|2026-09-06T10:22:46|2026-09-06T10:23:55|nid001064|cpu=128,gres/gpu:a100=4,gres/gpu=4,mem=229802M,node=1|COMPLETED
57982945.20|lx-Xg0-102337-2162677-7336|2026-09-06T10:23:39|2026-09-06T10:24:07|nid001065|cpu=128,mem=229802M,node=1|FAILED
57982945.21|lx-Xg0-102552-2174517-2714|2026-09-06T10:25:52|2026-09-06T10:26:22|nid001064|cpu=128,mem=229802M,node=1|COMPLETED
57982945.22|lx-Xg4-102718-2181396-5221|2026-09-06T10:27:20|2026-09-06T10:27:55|nid001064|cpu=128,gres/gpu:a100=4,gres/gpu=4,mem=229802M,node=1|FAILED
57982945.23|lx-Xg0-102831-2189432-3782|2026-09-06T10:28:33|2026-09-06T10:28:39|nid001064|cpu=128,mem=229802M,node=1|COMPLETED
57982945.24|lx-Xg4-103039-2200333-9777|2026-09-06T10:30:42|2026-09-06T10:31:40|nid001064|cpu=128,gres/gpu:a100=4,gres/gpu=4,mem=229802M,node=1|COMPLETED
57982945.25|lx-Xg0-103143-2206211-2979|2026-09-06T10:31:43|2026-09-06T10:31:51|nid001064|cpu=128,mem=229802M,node=1|FAILED
57982945.26|lx-Xg4-103340-2214277-4646|2026-09-06T10:33:43|2026-09-06T10:35:05|nid001064|cpu=128,gres/gpu:a100=4,gres/gpu=4,mem=229802M,node=1|COMPLETED
57982945.27|lx-Xg0-103521-2222772-5631|2026-09-06T10:35:23|2026-09-06T10:35:25|nid001064|cpu=128,mem=229802M,node=1|COMPLETED
57982945.28|lx-Xg0-103752-2236803-8991|2026-09-06T10:37:52|2026-09-06T10:38:26|nid001064|cpu=128,mem=229802M,node=1|COMPLETED
57982945.29|lx-Xg4-103931-2244268-1146|2026-09-06T10:39:32|2026-09-06T10:40:54|nid001064|cpu=128,gres/gpu:a100=4,gres/gpu=4,mem=229802M,node=1|COMPLETED
57982945.30|lx-Xg4-103940-2244984-6922|2026-09-06T10:39:40|2026-09-06T10:40:43|nid001065|cpu=128,gres/gpu:a100=4,gres/gpu=4,mem=229802M,node=1|COMPLETED
57982945.31|lx-Xg4-104123-2254783-6115|2026-09-06T10:41:23|2026-09-06T10:41:35|nid001064|cpu=128,gres/gpu:a100=4,gres/gpu=4,mem=229802M,node=1|COMPLETED
57982945.32|lx-Xg4-104200-2257345-4108|2026-09-06T10:42:00|2026-09-06T10:42:08|nid001064|cpu=128,gres/gpu:a100=4,gres/gpu=4,mem=229802M,node=1|FAILED
57982945.33|lx-Xg0-104208-2258066-2955|2026-09-06T10:42:10|2026-09-06T10:42:16|nid001065|cpu=128,mem=229802M,node=1|FAILED
57982945.34|lx-Xg4-104246-2262467-3567|2026-09-06T10:42:47|2026-09-06T10:43:09|nid001064|cpu=128,gres/gpu:a100=4,gres/gpu=4,mem=229802M,node=1|COMPLETED
57982945.35|lx-Xg4-104327-2266291-3073|2026-09-06T10:43:32|2026-09-06T10:43:56|nid001064|cpu=128,gres/gpu:a100=4,gres/gpu=4,mem=229802M,node=1|COMPLETED
57982945.36|lx-Xg4-104538-2277937-9816|2026-09-06T10:45:40|2026-09-06T10:47:16|nid[001064-001065,001068,001128]|cpu=512,gres/gpu:a100=16,gres/gpu=16,mem=919208M,node=4|COMPLETED
57982945.37|lx-Xg4-104720-2286017-2514|2026-09-06T10:47:22|2026-09-06T10:48:18|nid[001064-001065,001068,001128]|cpu=512,gres/gpu:a100=16,gres/gpu=16,mem=919208M,node=4|COMPLETED
57982945.38|lx-Xg4-104819-2289802-6418|2026-09-06T10:48:19|2026-09-06T10:49:17|nid[001064-001065,001068,001128]|cpu=512,gres/gpu:a100=16,gres/gpu=16,mem=919208M,node=4|COMPLETED
57982945.39|lx-Xg4-104945-2298090-2698|2026-09-06T10:49:45|2026-09-06T10:50:07|nid001064|cpu=128,gres/gpu:a100=4,gres/gpu=4,mem=229802M,node=1|COMPLETED
57982945.40|lx-Xg4-104950-2298718-4591|2026-09-06T10:49:53|2026-09-06T10:53:20|nid001065|cpu=128,gres/gpu:a100=4,gres/gpu=4,mem=229802M,node=1|COMPLETED
57982945.41|lx-Xg4-104953-2298787-6261|2026-09-06T10:49:55|2026-09-06T10:53:26|nid001068|cpu=128,gres/gpu:a100=4,gres/gpu=4,mem=229802M,node=1|COMPLETED
57982945.42|lx-Xg4-104953-2298872-2124|2026-09-06T10:49:55|2026-09-06T10:50:51|nid001068|cpu=128,gres/gpu:a100=4,gres/gpu=4,mem=229802M,node=1|COMPLETED
57982945.43|lx-Xg4-105008-2299835-1802|2026-09-06T10:50:08|2026-09-06T10:50:23|nid001064|cpu=128,gres/gpu:a100=4,gres/gpu=4,mem=229802M,node=1|COMPLETED
57982945.44|lx-Xg4-105024-2301961-9027|2026-09-06T10:50:24|2026-09-06T10:50:30|nid001064|cpu=128,gres/gpu:a100=4,gres/gpu=4,mem=229802M,node=1|COMPLETED
57982945.45|lx-Xg0-105033-2302113-3374|2026-09-06T10:50:37|2026-09-06T10:50:39|nid001064|cpu=128,mem=229802M,node=1|COMPLETED
57982945.46|lx-Xg4-105132-2312896-3892|2026-09-06T10:51:34|2026-09-06T10:52:38|nid001064|cpu=128,gres/gpu:a100=4,gres/gpu=4,mem=229802M,node=1|COMPLETED
57982945.47|lx-Xg0-105221-2323221-5748|2026-09-06T10:52:23|2026-09-06T10:52:25|nid001128|cpu=128,mem=229802M,node=1|FAILED
57982945.48|lx-Xg4-105322-2327180-5411|2026-09-06T10:53:23|2026-09-06T10:55:08|nid001064|cpu=128,gres/gpu:a100=4,gres/gpu=4,mem=229802M,node=1|COMPLETED
57982945.49|lx-Xg4-105324-2327372-9525|2026-09-06T10:53:24|2026-09-06T10:53:33|nid001065|cpu=128,gres/gpu:a100=4,gres/gpu=4,mem=229802M,node=1|CANCELLED
57982945.50|lx-Xg4-105423-2331309-4698|2026-09-06T10:54:25|2026-09-06T10:55:59|nid001065|cpu=128,gres/gpu:a100=4,gres/gpu=4,mem=229802M,node=1|COMPLETED
57982945.51|lx-Xg0-105515-2335369-7517|2026-09-06T10:55:15|2026-09-06T10:55:44|nid001064|cpu=128,mem=229802M,node=1|COMPLETED
57982945.52|lx-Xg0-105531-2338063-1797|2026-09-06T10:55:31|2026-09-06T10:59:41|nid001064|cpu=128,mem=229802M,node=1|FAILED
57982945.53|lx-Xg4-105531-2338176-1161|2026-09-06T10:55:31|2026-09-06T10:58:00|nid001064|cpu=128,gres/gpu:a100=4,gres/gpu=4,mem=229802M,node=1|COMPLETED
57982945.54|lx-Xg4-105553-2340157-2872|2026-09-06T10:55:57|2026-09-06T10:57:08|nid001068|cpu=128,gres/gpu:a100=4,gres/gpu=4,mem=229802M,node=1|COMPLETED
57982945.55|lx-Xg1-105553-2340347-2190|2026-09-06T10:55:57|2026-09-06T10:56:08|nid001068|cpu=128,gres/gpu:a100=4,gres/gpu=4,mem=229802M,node=1|FAILED
57982945.56|lx-Xg4-105616-2342006-3556|2026-09-06T10:56:19|2026-09-06T10:58:36|nid001065|cpu=128,gres/gpu:a100=4,gres/gpu=4,mem=229802M,node=1|COMPLETED
57982945.57|lx-Xg4-105616-2342005-1256|2026-09-06T10:56:19|2026-09-06T10:57:45|nid001065|cpu=128,gres/gpu:a100=4,gres/gpu=4,mem=229802M,node=1|COMPLETED
57982945.58|lx-Xg4-105913-2356430-4328|2026-09-06T10:59:16|2026-09-06T11:03:41|nid001064|cpu=128,gres/gpu:a100=4,gres/gpu=4,mem=229802M,node=1|COMPLETED
57982945.59|lx-Xg4-110000-2359242-4220|2026-09-06T11:00:02|2026-09-06T11:01:11|nid001065|cpu=128,gres/gpu:a100=4,gres/gpu=4,mem=229802M,node=1|COMPLETED
57982945.60|lx-Xg4-110037-4969-4691|2026-09-06T11:00:37|2026-09-06T11:00:46|nid001068|cpu=128,gres/gpu:a100=4,gres/gpu=4,mem=229802M,node=1|FAILED
57982945.61|lx-Xg0-110201-12195-9862|2026-09-06T11:02:01|2026-09-06T11:02:43|nid001065|cpu=128,mem=229802M,node=1|FAILED
57982945.62|lx-Xg4-110202-12372-9435|2026-09-06T11:02:02|2026-09-06T11:02:17|nid001065|cpu=128,gres/gpu:a100=4,gres/gpu=4,mem=229802M,node=1|COMPLETED
57982945.63|lx-Xg1-110225-13849-8667|2026-09-06T11:02:29|2026-09-06T11:02:38|nid001065|cpu=128,gres/gpu:a100=4,gres/gpu=4,mem=229802M,node=1|FAILED
57982945.64|lx-Xg4-110247-15495-5512|2026-09-06T11:02:50|2026-09-06T11:05:06|nid001065|cpu=128,gres/gpu:a100=4,gres/gpu=4,mem=229802M,node=1|CANCELLED
57982945.65|lx-Xg4-110252-15940-5897|2026-09-06T11:02:55|2026-09-06T11:04:15|nid001068|cpu=128,gres/gpu:a100=4,gres/gpu=4,mem=229802M,node=1|COMPLETED
57982945.66|lx-Xg1-110323-19317-8235|2026-09-06T11:03:25|2026-09-06T11:08:50|nid001128|cpu=128,gres/gpu:a100=4,gres/gpu=4,mem=229802M,node=1|CANCELLED by 0
57982945.67|lx-Xg0-110325-19503-4655|2026-09-06T11:03:27|2026-09-06T11:03:31|nid001128|cpu=128,mem=229802M,node=1|COMPLETED
57982945.68|lx-Xg0-110511-28683-7222|2026-09-06T11:05:13|2026-09-06T11:05:36|nid001064|cpu=128,mem=229802M,node=1|COMPLETED
57982945.69|lx-Xg4-110524-30419-9275|2026-09-06T11:05:24|2026-09-06T11:07:25|nid001064|cpu=128,gres/gpu:a100=4,gres/gpu=4,mem=229802M,node=1|CANCELLED
57982945.70|lx-Xg4-110524-30421-1513|2026-09-06T11:05:24|2026-09-06T11:08:23|nid001064|cpu=128,gres/gpu:a100=4,gres/gpu=4,mem=229802M,node=1|COMPLETED
57982945.71|lx-Xg1-110706-39269-3089|2026-09-06T11:07:08|2026-09-06T11:07:22|nid001065|cpu=128,gres/gpu:a100=4,gres/gpu=4,mem=229802M,node=1|COMPLETED
57982945.72|lx-Xg0-110739-42095-8833|2026-09-06T11:07:39|2026-09-06T11:07:44|nid001065|cpu=128,mem=229802M,node=1|COMPLETED
57982945.73|lx-Xg4-110752-42766-3793|2026-09-06T11:07:55|2026-09-06T11:11:18|nid001065|cpu=128,gres/gpu:a100=4,gres/gpu=4,mem=229802M,node=1|COMPLETED
57982945.74|lx-Xg1-110822-44348-1733|2026-09-06T11:08:24|2026-09-06T11:08:32|nid001068|cpu=128,gres/gpu:a100=4,gres/gpu=4,mem=229802M,node=1|COMPLETED
57982945.75|lx-Xg0-111039-56740-9512|2026-09-06T11:10:39|2026-09-06T11:11:22|nid001064|cpu=128,mem=229802M,node=1|COMPLETED
57982945.76|lx-Xg1-111040-56918-5036|2026-09-06T11:10:41|2026-09-06T11:10:58|nid001064|cpu=128,gres/gpu:a100=4,gres/gpu=4,mem=229802M,node=1|COMPLETED
57982945.77|lx-Xg1-111100-58006-7393|2026-09-06T11:11:00|2026-09-06T11:19:39|nid001064|cpu=128,gres/gpu:a100=4,gres/gpu=4,mem=229802M,node=1|FAILED
57982945.78|lx-Xg4-111247-65173-2624|2026-09-06T11:12:47|2026-09-06T11:16:10|nid001065|cpu=128,gres/gpu:a100=4,gres/gpu=4,mem=229802M,node=1|COMPLETED
57982945.79|lx-Xg4-111319-67784-8435|2026-09-06T11:13:22|2026-09-06T11:14:46|nid001068|cpu=128,gres/gpu:a100=4,gres/gpu=4,mem=229802M,node=1|FAILED
57982945.80|lx-Xg4-111319-67786-1337|2026-09-06T11:13:22|2026-09-06T11:14:58|nid001068|cpu=128,gres/gpu:a100=4,gres/gpu=4,mem=229802M,node=1|CANCELLED
57982945.81|lx-Xg0-111355-70325-5235|2026-09-06T11:13:57|2026-09-06T11:14:00|nid001128|cpu=128,mem=229802M,node=1|COMPLETED
57982945.82|lx-Xg0-111410-71213-9738|2026-09-06T11:14:11|2026-09-06T11:14:14|nid001128|cpu=128,mem=229802M,node=1|FAILED
57982945.83|lx-Xg4-111447-73654-5971|2026-09-06T11:14:48|2026-09-06T11:15:03|nid001128|cpu=128,gres/gpu:a100=4,gres/gpu=4,mem=229802M,node=1|CANCELLED
57982945.84|lx-Xg0-111503-74435-7595|2026-09-06T11:15:06|2026-09-06T11:15:08|nid001068|cpu=128,mem=229802M,node=1|COMPLETED
57982945.85|lx-Xg0-111521-76336-1287|2026-09-06T11:15:23|2026-09-06T11:15:28|nid001068|cpu=128,mem=229802M,node=1|COMPLETED
57982945.86|lx-Xg0-111605-80067-1949|2026-09-06T11:16:06|2026-09-06T11:16:28|nid001068|cpu=128,mem=229802M,node=1|COMPLETED
57982945.87|lx-Xg0-111617-81172-5987|2026-09-06T11:16:17|2026-09-06T11:16:25|nid001065|cpu=128,mem=229802M,node=1|COMPLETED
57982945.88|lx-Xg4-111756-86297-4141|2026-09-06T11:17:56|2026-09-06T11:18:38|nid001065|cpu=128,gres/gpu:a100=4,gres/gpu=4,mem=229802M,node=1|COMPLETED
57982945.89|lx-Xg4-111804-86992-5989|2026-09-06T11:18:06|2026-09-06T11:19:02|nid001068|cpu=128,gres/gpu:a100=4,gres/gpu=4,mem=229802M,node=1|COMPLETED
57982945.90|lx-Xg4-111813-87815-7183|2026-09-06T11:18:13|2026-09-06T11:20:35|nid001128|cpu=128,gres/gpu:a100=4,gres/gpu=4,mem=229802M,node=1|COMPLETED
57982945.91|lx-Xg0-111823-88565-5160|2026-09-06T11:18:27|2026-09-06T11:22:37|nid001064|cpu=128,mem=229802M,node=1|FAILED
57982945.92|lx-Xg4-111841-89723-6505|2026-09-06T11:18:43|2026-09-06T11:20:30|nid001065|cpu=128,gres/gpu:a100=4,gres/gpu=4,mem=229802M,node=1|COMPLETED
57982945.93|lx-Xg4-111841-89725-4618|2026-09-06T11:18:43|2026-09-06T11:20:41|nid001065|cpu=128,gres/gpu:a100=4,gres/gpu=4,mem=229802M,node=1|COMPLETED
57982945.94|lx-Xg4-111841-90300-7414|2026-09-06T11:18:43|2026-09-06T11:19:51|nid001065|cpu=128,gres/gpu:a100=4,gres/gpu=4,mem=229802M,node=1|COMPLETED
57982945.95|lx-Xg4-111905-92881-6612|2026-09-06T11:19:07|2026-09-06T11:20:02|nid001068|cpu=128,gres/gpu:a100=4,gres/gpu=4,mem=229802M,node=1|COMPLETED
57982945.96|lx-Xg4-111941-95871-9092|2026-09-06T11:19:41|2026-09-06T11:22:37|nid001064|cpu=128,gres/gpu:a100=4,gres/gpu=4,mem=229802M,node=1|COMPLETED
57982945.97|lx-Xg4-112003-99105-3653|2026-09-06T11:20:03|2026-09-06T11:22:05|nid001068|cpu=128,gres/gpu:a100=4,gres/gpu=4,mem=229802M,node=1|COMPLETED
57982945.98|lx-Xg4-112003-88704-3175|2026-09-06T11:20:05|2026-09-06T11:22:40|nid001068|cpu=128,gres/gpu:a100=4,gres/gpu=4,mem=229802M,node=1|COMPLETED
57982945.99|lx-Xg4-112039-98040-6683|2026-09-06T11:20:40|2026-09-06T11:21:58|nid001128|cpu=128,gres/gpu:a100=4,gres/gpu=4,mem=229802M,node=1|COMPLETED
57982945.100|lx-Xg4-112111-112006-2674|2026-09-06T11:21:13|2026-09-06T11:22:34|nid001065|cpu=128,gres/gpu:a100=4,gres/gpu=4,mem=229802M,node=1|COMPLETED
57982945.101|lx-Xg0-112120-114080-6032|2026-09-06T11:21:22|2026-09-06T11:21:30|nid001064|cpu=128,mem=229802M,node=1|COMPLETED
57982945.102|lx-Xg4-112223-125913-7939|2026-09-06T11:22:27|2026-09-06T11:23:46|nid001128|cpu=128,gres/gpu:a100=4,gres/gpu=4,mem=229802M,node=1|COMPLETED
57982945.103|lx-Xg4-112227-126478-8165|2026-09-06T11:22:30|2026-09-06T11:23:05|nid001128|cpu=128,gres/gpu:a100=4,gres/gpu=4,mem=229802M,node=1|COMPLETED
57982945.104|lx-Xg4-112243-128143-9636|2026-09-06T11:22:45|2026-09-06T11:27:16|nid001064|cpu=128,gres/gpu:a100=4,gres/gpu=4,mem=229802M,node=1|COMPLETED
57982945.105|lx-Xg4-112243-128144-6525|2026-09-06T11:22:45|2026-09-06T11:26:44|nid001064|cpu=128,gres/gpu:a100=4,gres/gpu=4,mem=229802M,node=1|COMPLETED
57982945.106|lx-Xg4-112308-131357-3689|2026-09-06T11:23:10|2026-09-06T11:23:33|nid001065|cpu=128,gres/gpu:a100=4,gres/gpu=4,mem=229802M,node=1|COMPLETED
57982945.107|lx-Xg4-112334-135299-8542|2026-09-06T11:23:34|2026-09-06T11:23:42|nid001065|cpu=128,gres/gpu:a100=4,gres/gpu=4,mem=229802M,node=1|COMPLETED
57982945.108|lx-Xg0-112342-135973-6645|2026-09-06T11:23:43|2026-09-06T11:23:45|nid001065|cpu=128,mem=229802M,node=1|COMPLETED
57982945.109|lx-Xg4-112402-138917-1044|2026-09-06T11:24:02|2026-09-06T11:25:00|nid001065|cpu=128,gres/gpu:a100=4,gres/gpu=4,mem=229802M,node=1|COMPLETED
57982945.110|lx-Xg4-112408-140580-8293|2026-09-06T11:24:10|2026-09-06T11:25:04|nid001068|cpu=128,gres/gpu:a100=4,gres/gpu=4,mem=229802M,node=1|COMPLETED
57982945.111|lx-Xg4-112421-142198-8306|2026-09-06T11:24:23|2026-09-06T11:27:17|nid001128|cpu=128,gres/gpu:a100=4,gres/gpu=4,mem=229802M,node=1|COMPLETED
57982945.112|lx-Xg4-112502-145591-1865|2026-09-06T11:25:02|2026-09-06T11:26:00|nid001065|cpu=128,gres/gpu:a100=4,gres/gpu=4,mem=229802M,node=1|COMPLETED
57982945.113|lx-Xg4-112546-153044-2037|2026-09-06T11:25:48|2026-09-06T11:26:41|nid001068|cpu=128,gres/gpu:a100=4,gres/gpu=4,mem=229802M,node=1|COMPLETED
57982945.114|lx-Xg0-112619-156331-4217|2026-09-06T11:26:21|2026-09-06T11:27:25|nid001065|cpu=128,mem=229802M,node=1|FAILED
57982945.115|lx-Xg4-112718-6609-6855|2026-09-06T11:27:18|2026-09-06T11:28:53|nid[001064-001065,001068,001128]|cpu=512,gres/gpu:a100=16,gres/gpu=16,mem=919208M,node=4|COMPLETED
57982945.116|lx-Xg0-112723-162401-1775|2026-09-06T11:27:25|2026-09-06T11:27:34|nid001064|cpu=128,mem=229802M,node=1|COMPLETED
57982945.117|lx-Xg4-112855-174741-8396|2026-09-06T11:28:55|2026-09-06T11:31:08|nid[001064-001065,001068,001128]|cpu=512,gres/gpu:a100=16,gres/gpu=16,mem=919208M,node=4|COMPLETED
57982945.118|lx-Xg4-113110-163323-3579|2026-09-06T11:31:13|2026-09-06T11:33:15|nid[001064-001065,001068,001128]|cpu=512,gres/gpu:a100=16,gres/gpu=16,mem=919208M,node=4|COMPLETED
57982945.119|lx-Xg4-113113-163792-9427|2026-09-06T11:31:16|2026-09-06T11:33:11|nid001064|cpu=128,gres/gpu:a100=4,gres/gpu=4,mem=229802M,node=1|COMPLETED
57982945.120|lx-Xg4-113113-174921-5412|2026-09-06T11:31:19|2026-09-06T11:31:30|nid[001064-001065,001068,001128]|cpu=512,gres/gpu:a100=16,gres/gpu=16,mem=919208M,node=4|FAILED
57982945.121|lx-Xg4-113110-172637-3574|2026-09-06T11:31:19|2026-09-06T11:31:30|nid[001064-001065,001068,001128]|cpu=512,gres/gpu:a100=16,gres/gpu=16,mem=919208M,node=4|FAILED
57982945.122|lx-Xg4-113321-195974-2219|2026-09-06T11:33:22|2026-09-06T11:34:38|nid001064|cpu=128,gres/gpu:a100=4,gres/gpu=4,mem=229802M,node=1|COMPLETED
57982945.123|lx-Xg4-113319-197930-7419|2026-09-06T11:33:24|2026-09-06T11:37:41|nid001064|cpu=128,gres/gpu:a100=4,gres/gpu=4,mem=229802M,node=1|COMPLETED
57982945.124|lx-Xg4-113328-177939-4408|2026-09-06T11:33:35|2026-09-06T11:34:40|nid001065|cpu=128,gres/gpu:a100=4,gres/gpu=4,mem=229802M,node=1|COMPLETED
57982945.125|lx-Xg4-113342-207635-5412|2026-09-06T11:33:46|2026-09-06T11:33:54|nid001068|cpu=128,gres/gpu:a100=4,gres/gpu=4,mem=229802M,node=1|CANCELLED
57982945.126|lx-Xg4-113351-210162-5353|2026-09-06T11:34:02|2026-09-06T11:34:25|nid001128|cpu=128,gres/gpu:a100=4,gres/gpu=4,mem=229802M,node=1|FAILED
57982945.127|lx-Xg4-113441-218949-9472|2026-09-06T11:34:43|2026-09-06T11:36:32|nid001065|cpu=128,gres/gpu:a100=4,gres/gpu=4,mem=229802M,node=1|COMPLETED
57982945.128|lx-Xg4-113504-221074-6989|2026-09-06T11:35:09|2026-09-06T11:35:27|nid001068|cpu=128,gres/gpu:a100=4,gres/gpu=4,mem=229802M,node=1|COMPLETED
57982945.129|lx-Xg4-113511-221323-6412|2026-09-06T11:35:13|2026-09-06T11:36:49|nid001128|cpu=128,gres/gpu:a100=4,gres/gpu=4,mem=229802M,node=1|COMPLETED
57982945.130|lx-Xg4-113530-221212-1447|2026-09-06T11:35:32|2026-09-06T11:39:32|nid001068|cpu=128,gres/gpu:a100=4,gres/gpu=4,mem=229802M,node=1|COMPLETED
57982945.131|lx-Xg4-113635-230722-5731|2026-09-06T11:36:37|2026-09-06T11:39:53|nid001065|cpu=128,gres/gpu:a100=4,gres/gpu=4,mem=229802M,node=1|COMPLETED
57982945.132|lx-Xg4-113659-233239-8665|2026-09-06T11:37:08|2026-09-06T11:38:40|nid001128|cpu=128,gres/gpu:a100=4,gres/gpu=4,mem=229802M,node=1|COMPLETED
57982945.133|lx-Xg4-113750-240003-6976|2026-09-06T11:37:54|2026-09-06T11:38:36|nid001064|cpu=128,gres/gpu:a100=4,gres/gpu=4,mem=229802M,node=1|FAILED
57982945.134|lx-Xg4-113755-240209-8497|2026-09-06T11:37:57|2026-09-06T11:40:12|nid001064|cpu=128,gres/gpu:a100=4,gres/gpu=4,mem=229802M,node=1|COMPLETED
57982945.135|lx-Xg4-113755-237257-1697|2026-09-06T11:37:57|2026-09-06T11:38:36|nid001064|cpu=128,gres/gpu:a100=4,gres/gpu=4,mem=229802M,node=1|CANCELLED
57982945.136|lx-Xg4-113850-250343-9440|2026-09-06T11:38:55|2026-09-06T11:40:42|nid001128|cpu=128,gres/gpu:a100=4,gres/gpu=4,mem=229802M,node=1|COMPLETED
57982945.137|lx-Xg4-113855-237399-5693|2026-09-06T11:39:01|2026-09-06T11:40:06|nid001128|cpu=128,gres/gpu:a100=4,gres/gpu=4,mem=229802M,node=1|CANCELLED
57982945.138|lx-Xg4-113936-250273-5479|2026-09-06T11:39:38|2026-09-06T11:41:05|nid001068|cpu=128,gres/gpu:a100=4,gres/gpu=4,mem=229802M,node=1|COMPLETED
57982945.139|lx-Xg4-114002-258518-9170|2026-09-06T11:40:04|2026-09-06T11:41:16|nid001065|cpu=128,gres/gpu:a100=4,gres/gpu=4,mem=229802M,node=1|COMPLETED
57982945.140|lx-Xg4-114116-208015-3316|2026-09-06T11:41:17|2026-09-06T11:42:58|nid[001064-001065,001068,001128]|cpu=512,gres/gpu:a100=16,gres/gpu=16,mem=919208M,node=4|COMPLETED
57982945.141|lx-Xg4-114116-202380-4971|2026-09-06T11:41:21|2026-09-06T11:41:39|nid[001064-001065,001068,001128]|cpu=512,gres/gpu:a100=16,gres/gpu=16,mem=919208M,node=4|FAILED
57982945.142|lx-Xg4-114116-198027-8038|2026-09-06T11:41:21|2026-09-06T11:46:42|nid[001064-001065,001068,001128]|cpu=512,gres/gpu:a100=16,gres/gpu=16,mem=919208M,node=4|COMPLETED
57982945.143|lx-Xg0-114353-280804-3461|2026-09-06T11:45:01|2026-09-06T11:45:03|nid001064|cpu=128,mem=229802M,node=1|COMPLETED
57982945.144|lx-Xg0-114509-284511-9392|2026-09-06T11:45:38|2026-09-06T11:46:01|nid001064|cpu=128,mem=229802M,node=1|FAILED
57982945.145|lx-Xg0-114549-292743-8532|2026-09-06T11:45:53|2026-09-06T11:46:31|nid001064|cpu=128,mem=229802M,node=1|FAILED
57982945.146|lx-Xg4-114645-287164-3365|2026-09-06T11:46:46|2026-09-06T11:51:38|nid[001064-001065,001068,001128]|cpu=512,gres/gpu:a100=16,gres/gpu=16,mem=919208M,node=4|FAILED
57982945.147|lx-Xg4-114645-286901-1050|2026-09-06T11:46:48|2026-09-06T11:49:41|nid001064|cpu=128,gres/gpu:a100=4,gres/gpu=4,mem=229802M,node=1|FAILED
57982945.148|lx-Xg4-114645-274286-4762|2026-09-06T11:46:48|2026-09-06T11:51:28|nid[001064-001065,001068,001128]|cpu=512,gres/gpu:a100=16,gres/gpu=16,mem=919208M,node=4|COMPLETED
57982945.149|lx-Xg0-114716-304836-4320|2026-09-06T11:47:20|2026-09-06T11:47:43|nid001064|cpu=128,mem=229802M,node=1|COMPLETED
57982945.150|lx-Xg0-115112-330167-6840|2026-09-06T11:51:13|2026-09-06T11:51:13|nid001064|cpu=128,mem=229802M,node=1|FAILED
57982945.151|lx-Xg1-115145-306646-3410|2026-09-06T11:51:49|2026-09-06T11:51:59|nid001064|cpu=128,gres/gpu:a100=4,gres/gpu=4,mem=229802M,node=1|COMPLETED
57982945.152|lx-Xg4-115141-274909-6649|2026-09-06T11:51:49|2026-09-06T11:54:38|nid001064|cpu=128,gres/gpu:a100=4,gres/gpu=4,mem=229802M,node=1|CANCELLED
57982945.153|lx-Xg4-115152-306359-5227|2026-09-06T11:51:52|2026-09-06T11:52:00|nid001065|cpu=128,gres/gpu:a100=4,gres/gpu=4,mem=229802M,node=1|FAILED
57982945.154|lx-Xg4-115149-275053-8583|2026-09-06T11:51:54|2026-09-06T11:56:46|nid001064|cpu=128,gres/gpu:a100=4,gres/gpu=4,mem=229802M,node=1|COMPLETED
57982945.155|lx-Xg4-115154-308913-4163|2026-09-06T11:51:56|2026-09-06T11:52:05|nid001068|cpu=128,gres/gpu:a100=4,gres/gpu=4,mem=229802M,node=1|FAILED
57982945.156|lx-Xg4-115145-274730-9627|2026-09-06T11:51:56|2026-09-06T12:01:14|nid001064|cpu=128,gres/gpu:a100=4,gres/gpu=4,mem=229802M,node=1|CANCELLED
57982945.157|lx-Xg4-115145-274088-8418|2026-09-06T11:51:56|2026-09-06T11:57:21|nid[001064-001065,001068,001128]|cpu=512,gres/gpu:a100=16,gres/gpu=16,mem=919208M,node=4|COMPLETED
57982945.158|lx-Xg0-115216-344221-5644|2026-09-06T11:52:19|2026-09-06T11:52:45|nid001064|cpu=128,mem=229802M,node=1|COMPLETED
57982945.159|lx-Xg4-115721-363470-4113|2026-09-06T11:57:24|2026-09-06T12:00:40|nid001065|cpu=128,gres/gpu:a100=4,gres/gpu=4,mem=229802M,node=1|COMPLETED
57982945.160|lx-Xg4-115721-277816-1303|2026-09-06T11:57:24|2026-09-06T11:58:40|nid001065|cpu=128,gres/gpu:a100=4,gres/gpu=4,mem=229802M,node=1|COMPLETED
57982945.161|lx-Xg4-115727-360762-3502|2026-09-06T11:57:31|2026-09-06T11:58:31|nid001068|cpu=128,gres/gpu:a100=4,gres/gpu=4,mem=229802M,node=1|COMPLETED
57982945.162|lx-Xg1-115731-373269-1738|2026-09-06T11:57:36|2026-09-06T11:57:43|nid001068|cpu=128,gres/gpu:a100=1,gres/gpu=1,mem=229802M,node=1|FAILED
57982945.163|lx-Xg4-115742-274518-7011|2026-09-06T11:57:43|2026-09-06T11:58:54|nid001128|cpu=128,gres/gpu:a100=4,gres/gpu=4,mem=229802M,node=1|COMPLETED
57982945.164|lx-Xg0-115808-380235-8363|2026-09-06T11:58:08|2026-09-06T11:58:27|nid001064|cpu=128,mem=229802M,node=1|COMPLETED
57982945.165|lx-Xg0-115819-380327-6096|2026-09-06T11:58:21|2026-09-06T11:58:23|nid[001064-001065,001068,001128]|cpu=512,mem=919208M,node=4|FAILED
57982945.166|lx-Xg4-115836-382173-7070|2026-09-06T11:58:38|2026-09-06T11:59:30|nid001068|cpu=128,gres/gpu:a100=4,gres/gpu=4,mem=229802M,node=1|COMPLETED
57982945.167|lx-Xg4-115900-384535-8939|2026-09-06T11:59:02|2026-09-06T12:02:24|nid001128|cpu=128,gres/gpu:a100=4,gres/gpu=4,mem=229802M,node=1|COMPLETED
57982945.168|lx-Xg1-115937-386162-9821|2026-09-06T11:59:38|2026-09-06T12:00:14|nid001068|cpu=128,gres/gpu:a100=4,gres/gpu=4,mem=229802M,node=1|FAILED
57982945.169|lx-Xg1-120056-398674-7698|2026-09-06T12:00:58|Unknown|nid001065|cpu=128,gres/gpu:a100=4,gres/gpu=4,mem=229802M,node=1|RUNNING
57982945.170|lx-Xg0-120221-406339-5559|2026-09-06T12:02:24|Unknown|nid001064|cpu=128,mem=229802M,node=1|RUNNING
57982945.171|lx-Xg4-120221-406350-5513|2026-09-06T12:02:24|Unknown|nid001064|cpu=128,gres/gpu:a100=4,gres/gpu=4,mem=229802M,node=1|RUNNING
57982945.172|lx-Xg0-120221-406342-5439|2026-09-06T12:02:24|2026-09-06T12:03:36|nid001064|cpu=128,mem=229802M,node=1|FAILED
57982945.173|lx-Xg4-120230-406775-1906|2026-09-06T12:02:34|2026-09-06T12:04:18|nid001068|cpu=128,gres/gpu:a100=4,gres/gpu=4,mem=229802M,node=1|COMPLETED
57982945.174|lx-Xg0-120234-371150-4599|2026-09-06T12:02:36|2026-09-06T12:02:39|nid[001064-001065,001068,001128]|cpu=512,mem=919208M,node=4|FAILED
